<?xml version="1.0" encoding="UTF-8" standalone="no"?>
<databaseChangeLog xmlns="http://www.liquibase.org/xml/ns/dbchangelog"
                   xmlns:xsi="http://www.w3.org/2001/XMLSchema-instance"
                   xsi:schemaLocation="http://www.liquibase.org/xml/ns/dbchangelog
                   http://www.liquibase.org/xml/ns/dbchangelog/dbchangelog-3.7.xsd">

    <changeSet author="osdjup" id="comchannel">
        <createTable tableName="channel">
            <column name="id" type="BIGINT">
                <constraints primaryKey="true" primaryKeyName="channel_pk"/>
            </column>
            <column name="guid" type="VARCHAR(36)">
                <constraints nullable="false"/>
            </column>

            <column name="updattime" type="TIMESTAMP"/>
            <column name="updateuser" type="VARCHAR(60)"/>
            <column name="mobterm_id" type="BIGINT"/>
        </createTable>

        <addForeignKeyConstraint
                constraintName="mobterm_fk"
                baseTableName="channel"
                baseColumnNames="mobterm_id"
                referencedTableName="mobileterminal"
                referencedColumnNames="id"
        />

    </changeSet>
    <changeSet author="osdjup" id="add archived">
        <addColumn tableName="channel">
            <column name="archived" type="BOOLEAN"/>
        </addColumn>
    </changeSet>
</databaseChangeLog>