<?xml version="1.0" encoding="UTF-8" standalone="no"?>
<databaseChangeLog xmlns="http://www.liquibase.org/xml/ns/dbchangelog"
                   xmlns:xsi="http://www.w3.org/2001/XMLSchema-instance"
                   xsi:schemaLocation="http://www.liquibase.org/xml/ns/dbchangelog
                   http://www.liquibase.org/xml/ns/dbchangelog/dbchangelog-3.7.xsd">

    <changeSet author="johlyn" id="active dnid (inmarsat-c) - table">
        <createTable tableName="dnid_list" remarks="Active DNID (inmarsat-c)">
            <column name="id" type="INTEGER">
                <constraints primaryKey="true" primaryKeyName="dnid_list_pk"/>
            </column>
            <column name="value" type="VARCHAR(100)"/>

            <column name="plugin_service_name" type="VARCHAR(500)"/>
            <column name="updattim" type="TIMESTAMP"/>
            <column name="upuser" type="VARCHAR(60)"/>
        </createTable>

        <rollback>
            <dropTable tableName="dnid_list" cascadeConstraints="true"/>
        </rollback>
    </changeSet>

</databaseChangeLog>
