<?xml version="1.0" encoding="UTF-8" standalone="no"?>
<databaseChangeLog xmlns="http://www.liquibase.org/xml/ns/dbchangelog"
                   xmlns:xsi="http://www.w3.org/2001/XMLSchema-instance"
                   xsi:schemaLocation="http://www.liquibase.org/xml/ns/dbchangelog
                   http://www.liquibase.org/xml/ns/dbchangelog/dbchangelog-3.7.xsd">

    <changeSet author="johlyn" id="mobile terminal base table">
        <createTable tableName="mobileterminal">
            <column name="id" type="BIGINT">
                <constraints primaryKey="true" primaryKeyName="mobileterminal_pk"/>
            </column>
            <column name="archived" type="BOOLEAN" defaultValue="false"/>
            <column name="inactivated" type="BOOLEAN" defaultValue="false"/>
            <column name="plugin_id" type="BIGINT">
                <constraints nullable="false"/>
            </column>
            <column name="updatetime" type="TIMESTAMP WITHOUT TIME ZONE"/>
            <column name="updateuser" type="VARCHAR(60)"/>
            <column name="source" type="VARCHAR(60)">
                <constraints nullable="false"/>
            </column>
            <column name="guid" type="VARCHAR(36)">
                <constraints nullable="false"/>
            </column>
            <column name="type" type="VARCHAR(60)">
                <constraints nullable="false"/>
            </column>
            <column name="serial_no" type="VARCHAR(60)">
                <constraints nullable="false" unique="true"/>
            </column>
        </createTable>

        <addForeignKeyConstraint
                constraintName="plugin_fk"
                baseTableName="mobileterminal"
                baseColumnNames="plugin_id"
                referencedTableName="plugin"
                referencedColumnNames="id"
        />
    </changeSet>
</databaseChangeLog>
