<?xml version="1.0" encoding="UTF-8" standalone="no"?>
<databaseChangeLog xmlns="http://www.liquibase.org/xml/ns/dbchangelog"
                   xmlns:xsi="http://www.w3.org/2001/XMLSchema-instance"
                   xsi:schemaLocation="http://www.liquibase.org/xml/ns/dbchangelog
                   http://www.liquibase.org/xml/ns/dbchangelog/dbchangelog-3.7.xsd">

    <changeSet author="johlyn" id="table for linking a plugin with capabilities">

        <createTable remarks="Table for linking a plugin with capabilities" tableName="plugin_capability">
            <column name="id" remarks="Id and code for table" type="BIGINT">
                <constraints nullable="false" primaryKey="true" primaryKeyName="plugincap_pk"/>
            </column>
            <column name="plugin_id" remarks="Foreign key to the plugin service." type="BIGINT">
                <constraints nullable="false"/>
            </column>
            <column name="capability" remarks="Capability" type="VARCHAR(25)">
                <constraints nullable="false"/>
            </column>
            <column name="value" remarks="Value of capability" type="VARCHAR(25)">
                <constraints nullable="false"/>
            </column>
            <column name="updattim" type="timestamp" remarks="Last updated date time.">
                <constraints nullable="false"/>
            </column>
            <column name="upuser" type="varchar(60)" remarks="Last update userid.">
                <constraints nullable="false"/>
            </column>
        </createTable>

        <addForeignKeyConstraint
                constraintName="plugin_fk"
                baseTableName="plugin_capability"
                baseColumnNames="plugin_id"
                referencedTableName="plugin"
                referencedColumnNames="id"/>

        <rollback>
            <dropTable tableName="plugin_capability" cascadeConstraints="true"/>
        </rollback>

    </changeSet>

</databaseChangeLog>	