<?xml version="1.0" encoding="UTF-8" standalone="no"?>
<databaseChangeLog xmlns="http://www.liquibase.org/xml/ns/dbchangelog"
                   xmlns:xsi="http://www.w3.org/2001/XMLSchema-instance"
                   xsi:schemaLocation="http://www.liquibase.org/xml/ns/dbchangelog
                   http://www.liquibase.org/xml/ns/dbchangelog/dbchangelog-3.7.xsd">

    <changeSet author="johlyn" id="pollbase - create">
        <createTable tableName="POLLBASE">
            <column name="id" type="BIGINT" autoIncrement="true">
                <constraints primaryKey="true" primaryKeyName="pollbase_pk"/>
            </column>
            <column name="comment" type="VARCHAR(400)"/>
            <column name="createuser" type="VARCHAR(60)"/>
            <column name="updattim" type="TIMESTAMP"/>
            <column name="upuser" type="VARCHAR(60)"/>
            <column name="channel_guid" type="VARCHAR(36)">
                <constraints nullable="false"/>
            </column>
            <column name="mobileterminal_id" type="BIGINT">
                <constraints nullable="false"/>
            </column>
            <column name="connect_id" type="VARCHAR(400)">
                <constraints nullable="false"/>
            </column>
        </createTable>

        <addForeignKeyConstraint
                constraintName="comchan_pollbase_fk"
                baseTableName="POLLBASE"
                baseColumnNames="mobileterminal_id"
                referencedTableName="mobileterminal"
                referencedColumnNames="id"
        />

        <rollback>
            <dropTable cascadeConstraints="true" tableName="POLLBASE"/>
        </rollback>
    </changeSet>

</databaseChangeLog>
