<?xml version="1.0" encoding="UTF-8" standalone="no"?>
<databaseChangeLog xmlns="http://www.liquibase.org/xml/ns/dbchangelog"
				   xmlns:xsi="http://www.w3.org/2001/XMLSchema-instance"
				   xsi:schemaLocation="http://www.liquibase.org/xml/ns/dbchangelog
				   http://www.liquibase.org/xml/ns/dbchangelog/dbchangelog-3.7.xsd">

    <changeSet author="johlyn" id="poll - poll commons">
        <createTable tableName="POLL">
            <column name="id" type="BIGINT" autoIncrement="true">
                <constraints primaryKey="true" primaryKeyName="poll_pk"/>
            </column>
            <column name="guid" type="VARCHAR(36)">
                <constraints nullable="false" unique="true" uniqueConstraintName="poll_guid_unique"/>
            </column>
            <column name="polltype" type="VARCHAR(20)"/>
            <column name="pollbase_id" type="BIGINT"/>
            <column name="updattim" type="TIMESTAMP"/>
            <column name="upuser" type="VARCHAR(60)"/>
        </createTable>

        <addForeignKeyConstraint
                constraintName="pollbase_fk"
                baseTableName="POLL"
                baseColumnNames="pollbase_id"
                referencedTableName="POLLBASE"
                referencedColumnNames="id"
        />

        <rollback>
            <dropTable cascadeConstraints="true" tableName="poll"/>
        </rollback>
    </changeSet>

</databaseChangeLog>
