<?xml version="1.0" encoding="UTF-8" standalone="no"?>
<databaseChangeLog xmlns="http://www.liquibase.org/xml/ns/dbchangelog"
                   xmlns:xsi="http://www.w3.org/2001/XMLSchema-instance"
                   xsi:schemaLocation="http://www.liquibase.org/xml/ns/dbchangelog
                   http://www.liquibase.org/xml/ns/dbchangelog/dbchangelog-3.7.xsd"
                   logicalFilePath="changelog/v6.7.14/db-changelog-add-long-term-parked.xml">

    <changeSet id="Add flag long term parked to asset" author="joemat">

        <addColumn tableName = "asset">
            <column name = "long_term_parked" type = "boolean"/>
        </addColumn>

        <addColumn tableName = "asset_aud">
            <column name = "long_term_parked" type = "boolean"/>
        </addColumn>

    </changeSet>

</databaseChangeLog>
