<?xml version="1.0" encoding="UTF-8"?>

<!--
  Developed by HaV

  This file is part of the Integrated Fisheries Data Management (IFDM) Suite. The IFDM Suite is free software: you can redistribute it
  and/or modify it under the terms of the GNU General Public License as published by the Free Software Foundation, either version 3 of
  the License, or any later version. The IFDM Suite is distributed in the hope that it will be useful, but WITHOUT ANY WARRANTY;
  without even the implied warranty of MERCHANTABILITY or FITNESS FOR A PARTICULAR PURPOSE.  See the GNU General Public License for more
  details. You should have received a copy of the GNU General Public License along with the IFDM Suite. If not, see <http://www.gnu.org/licenses/>.
  -->

<databaseChangeLog xmlns="http://www.liquibase.org/xml/ns/dbchangelog"
                   xmlns:xsi="http://www.w3.org/2001/XMLSchema-instance"
                   xsi:schemaLocation="http://www.liquibase.org/xml/ns/dbchangelog
                   http://www.liquibase.org/xml/ns/dbchangelog/dbchangelog-3.7.xsd"
                   logicalFilePath="changelog/v6.7.1/create_assetfilter_and_assetfiltervalue_tables.xml">

    <changeSet author="johsod" id="assetfilter_createTable">
        <createTable tableName="assetfilter">
            <column name="id" type="UUID">
                <constraints nullable="false"/>
            </column>
            <column name="name" type="VARCHAR(255)">
                <constraints nullable="false"/>
            </column>
            <column name="updatetime" type="TIMESTAMP(6) WITH TIME ZONE"/>
            <column name="updatedby" type="VARCHAR(255)"/>
            <column name="owner" type="VARCHAR(255)"/>
        </createTable>
    </changeSet>

    <changeSet author="johsod" id="assetfilterquery_createTable">
        <createTable tableName="assetfilterquery">
            <column name="id" type="UUID">
                <constraints nullable="false"/>
            </column>
            <column name="type" type="VARCHAR(255)"/>
            <column name="inverse" type="BOOLEAN"/>
            <column name="isnumber" type="BOOLEAN"/>
            <column name="assetfilter" type="UUID">
                <constraints nullable="false"/>
            </column>
        </createTable>
    </changeSet>

    <changeSet author="johsod" id="assetfiltervalue_createTable">
        <createTable tableName="assetfiltervalue">
            <column name="id" type="UUID">
                <constraints nullable="false"/>
            </column>
            <column name="operator" type="VARCHAR(1024)"/>
            <column name="valuestring" type="VARCHAR(1024)"/>
            <column name="valuenumber" type="DOUBLE PRECISION"/>
            <column name="assetfilterquery" type="UUID">
                <constraints nullable="false"/>
            </column>
        </createTable>
    </changeSet>

    <changeSet author="johsod" id="pk_assetfilter">
        <addPrimaryKey columnNames="id" constraintName="assetfilter_pkey" tableName="assetfilter"/>
    </changeSet>

    <changeSet author="johsod" id="pk_assetfilterquery">
        <addPrimaryKey columnNames="id" constraintName="assetfilterquery_pkey" tableName="assetfilterquery"/>
    </changeSet>

    <changeSet author="johsod" id="pk_assetfiltervalue">
        <addPrimaryKey columnNames="id" constraintName="assetfiltervalue_pkey" tableName="assetfiltervalue"/>
    </changeSet>

    <changeSet author="johsod" id="assetfilterquery_addForeignKeyConstraint_assetfilter">
        <addForeignKeyConstraint baseColumnNames="assetfilter" baseTableName="assetfilterquery"
                                 constraintName="assetfilterquery_assetfilter_fk" deferrable="false"
                                 initiallyDeferred="false" onDelete="NO ACTION" onUpdate="NO ACTION"
                                 referencedColumnNames="id" referencedTableName="assetfilter"/>
    </changeSet>

    <changeSet author="johsod" id="assetfiltervalue_addForeignKeyConstraint_assetfilterquery">
        <addForeignKeyConstraint baseColumnNames="assetfilterquery" baseTableName="assetfiltervalue"
                                 constraintName="assetfiltervalue_assetfilterquery_fk" deferrable="false"
                                 initiallyDeferred="false" onDelete="NO ACTION" onUpdate="NO ACTION"
                                 referencedColumnNames="id" referencedTableName="assetfilterquery"/>
    </changeSet>

    <changeSet author="johsod" id="pk_note">
        <addPrimaryKey columnNames="id" constraintName="note_pkey" tableName="note"/>
    </changeSet>
</databaseChangeLog>