<?xml version="1.0" encoding="UTF-8"?>

<!--
  ~ Developed with the contribution of the European Commission - Directorate General for Maritime Affairs and Fisheries
  ~ © European Union, 2015-2016.
  ~
  ~ This file is part of the Integrated Fisheries Data Management (IFDM) Suite. The IFDM Suite is free software: you can
  ~ redistribute it and/or modify it under the terms of the GNU General Public License as published by the
  ~ Free Software Foundation, either version 3 of the License, or any later version. The IFDM Suite is distributed in
  ~ the hope that it will be useful, but WITHOUT ANY WARRANTY; without even the implied warranty of MERCHANTABILITY or
  ~ FITNESS FOR A PARTICULAR PURPOSE.  See the GNU General Public License for more details. You should have received a
  ~ copy of the GNU General Public License along with the IFDM Suite. If not, see <http://www.gnu.org/licenses/>.
  -->

<databaseChangeLog xmlns="http://www.liquibase.org/xml/ns/dbchangelog"
                   xmlns:xsi="http://www.w3.org/2001/XMLSchema-instance"
                   xsi:schemaLocation="http://www.liquibase.org/xml/ns/dbchangelog
                   http://www.liquibase.org/xml/ns/dbchangelog/dbchangelog-3.7.xsd">

    <include file="\schema\tables\parameter.xml"/>

    <include file="\schema\tables\oceanregion.xml"/>
    <include file="\schema\tables\plugin.xml"/>
    <include file="\schema\tables\plugin_capability.xml"/>

    <include file="\schema\tables\mobileterminal.xml"/>
    <include file="\schema\tables\mobileterminalevent.xml"/>

    <!-- 2017-05-05: Added mobileterminalconnect as this table was missing. -->
    <include file="\schema\tables\mobileterminalconnect.xml"/>

    <include file="\schema\tables\channel.xml"/>
    <include file="\schema\tables\channel_history.xml"/>

    <include file="\schema\tables\inmarsatc_oceanregion.xml"/>

    <include file="\schema\tables\pollbase.xml"/>
    <include file="\schema\tables\pollprogram.xml"/>
    <include file="\schema\tables\poll.xml"/>
    <include file="\schema\tables\pollpayload.xml"/>

    <include file="\schema\tables\dnid_list.xml"/>

</databaseChangeLog>