<?xml version="1.0" encoding="UTF-8" standalone="no"?>
<databaseChangeLog xmlns="http://www.liquibase.org/xml/ns/dbchangelog"
                   xmlns:xsi="http://www.w3.org/2001/XMLSchema-instance"
                   xsi:schemaLocation="http://www.liquibase.org/xml/ns/dbchangelog
                   http://www.liquibase.org/xml/ns/dbchangelog/dbchangelog-3.7.xsd"
                   logicalFilePath="changelog/v6.7.3/db-changelog-new-index-on-asset-active.xml">

    <changeSet id="Create a new index on active field" author="kasgul">

        <createIndex indexName="asset_active_idx" tableName="asset">
            <column name="active"/>
        </createIndex>

        <createIndex indexName="asset_vesseltype_idx" tableName="asset">
            <column name="vesseltype"/>
        </createIndex>

    </changeSet>

</databaseChangeLog>
