<?xml version="1.0" encoding="UTF-8" standalone="no"?>
<databaseChangeLog xmlns="http://www.liquibase.org/xml/ns/dbchangelog"
                   xmlns:xsi="http://www.w3.org/2001/XMLSchema-instance"
                   xsi:schemaLocation="http://www.liquibase.org/xml/ns/dbchangelog
                   http://www.liquibase.org/xml/ns/dbchangelog/dbchangelog-3.7.xsd"
                   logicalFilePath="changelog/v6.7.8/db-changelog-add-national-id.xml">

    <changeSet id="Add national id to asset" author="joemat">

        <addColumn tableName = "asset">
            <column name = "national_id" type = "INT"/>
        </addColumn>

        <addColumn tableName = "asset_aud">
            <column name = "national_id" type = "INT"/>
        </addColumn>

        <addUniqueConstraint columnNames="national_id"
                             constraintName="asset_uc_national_id"
                             tableName="asset"/>

    </changeSet>

</databaseChangeLog>
