<?xml version="1.0" encoding="UTF-8" standalone="no"?>
<databaseChangeLog xmlns="http://www.liquibase.org/xml/ns/dbchangelog"
                   xmlns:xsi="http://www.w3.org/2001/XMLSchema-instance"
                   xsi:schemaLocation="http://www.liquibase.org/xml/ns/dbchangelog
                   http://www.liquibase.org/xml/ns/dbchangelog/dbchangelog-3.7.xsd">

    <changeSet author="jojoha" id="Insert static parameter values">

        <insert tableName="parameter">
            <column name="param_id" value="mobileterminal.national.use"/>
            <column name="param_value" value="TRUE"/>
            <column name="param_description" value="Local terminal (true/false)."/>
        </insert>

        <rollback>
            <delete tableName="parameter">
                <where>
                    param_id in ('mobileterminal.nation.use')
                </where>
            </delete>
        </rollback>

    </changeSet>
</databaseChangeLog>
