<?xml version="1.0" encoding="UTF-8" standalone="no"?>
<databaseChangeLog xmlns="http://www.liquibase.org/xml/ns/dbchangelog"
                   xmlns:xsi="http://www.w3.org/2001/XMLSchema-instance"
                   xsi:schemaLocation="http://www.liquibase.org/xml/ns/dbchangelog
                   http://www.liquibase.org/xml/ns/dbchangelog/dbchangelog-3.7.xsd">

    <changeSet author="andtho" id="plugin-01">
        <createTable tableName="plugin">
            <column name="plugin_id" type="BIGINT">
                <constraints primaryKey="true" primaryKeyName="plugin_pk"/>
            </column>
            <column name="plugin_guid" type="VARCHAR(36)"/>
            <column name="plugin_name" type="VARCHAR(60)"/>
            <column name="plugin_active" type="BOOLEAN"/>
            <column name="plugin_updattim" type="TIMESTAMP"/>
            <column name="plugin_upuser" type="VARCHAR(60)"/>
        </createTable>
    </changeSet>

    <changeSet id="pluginpk-01" author="andtho">
        <createIndex tableName="plugin" indexName="plugin_pk_inx" unique="true">
            <column name="plugin_id"></column>
        </createIndex>
    </changeSet>

    <changeSet author="andtho" id="add reference to plugin table">
        <addColumn tableName="terminal">
            <column name="term_plugin_id" type="BIGINT"/>
        </addColumn>

        <addForeignKeyConstraint
                constraintName="term_plugin_fk"
                baseTableName="terminal"
                baseColumnNames="term_plugin_id"
                referencedTableName="plugin"
                referencedColumnNames="plugin_id"
        />
    </changeSet>

</databaseChangeLog>
