<?xml version="1.0" encoding="UTF-8" standalone="no"?>
<databaseChangeLog xmlns="http://www.liquibase.org/xml/ns/dbchangelog"
                   xmlns:xsi="http://www.w3.org/2001/XMLSchema-instance"
                   xsi:schemaLocation="http://www.liquibase.org/xml/ns/dbchangelog
                   http://www.liquibase.org/xml/ns/dbchangelog/dbchangelog-3.7.xsd">

    <changeSet author="johlyn" id="insert polltype static default values">
        <insert tableName="polltype">
            <column name="polltype_id" value="1"/>
            <column name="polltype_name" value="STARTED"/>
            <column name="polltype_desc" value="Poll program is started"/>
            <column name="polltype_updattim" valueDate="${now}"/>
            <column name="polltype_upuser" value="johlyn"/>
        </insert>
        <insert tableName="polltype">
            <column name="polltype_id" value="2"/>
            <column name="polltype_name" value="STOPPED"/>
            <column name="polltype_desc" value="Poll program is stopped"/>
            <column name="polltype_updattim" valueDate="${now}"/>
            <column name="polltype_upuser" value="johlyn"/>
        </insert>
        <insert tableName="polltype">
            <column name="polltype_id" value="3"/>
            <column name="polltype_name" value="ARCHIVED"/>
            <column name="polltype_desc" value="Poll program is archived"/>
            <column name="polltype_updattim" valueDate="${now}"/>
            <column name="polltype_upuser" value="johlyn"/>
        </insert>
        <rollback>
            <delete tableName="polltype">
                <where>
                    polltype_id in (1, 2, 3)
                </where>
            </delete>
        </rollback>
    </changeSet>

    <changeSet author="johlyn" id="insert polltype correct static default values">
        <delete tableName="polltype">
            <where>
                polltype_id in (1, 2, 3)
            </where>
        </delete>
        <insert tableName="polltype">
            <column name="polltype_id" value="1"/>
            <column name="polltype_name" value="PROGRAM_POLL"/>
            <column name="polltype_desc" value="Poll program is started"/>
            <column name="polltype_updattim" valueDate="${now}"/>
            <column name="polltype_upuser" value="johlyn"/>
        </insert>
        <insert tableName="polltype">
            <column name="polltype_id" value="2"/>
            <column name="polltype_name" value="SAMPLING_POLL"/>
            <column name="polltype_desc" value="Poll program is stopped"/>
            <column name="polltype_updattim" valueDate="${now}"/>
            <column name="polltype_upuser" value="johlyn"/>
        </insert>
        <insert tableName="polltype">
            <column name="polltype_id" value="3"/>
            <column name="polltype_name" value="MANUAL_POLL"/>
            <column name="polltype_desc" value="Poll program is archived"/>
            <column name="polltype_updattim" valueDate="${now}"/>
            <column name="polltype_upuser" value="johlyn"/>
        </insert>
        <insert tableName="polltype">
            <column name="polltype_id" value="4"/>
            <column name="polltype_name" value="CONFIGURATION_POLL"/>
            <column name="polltype_desc" value="Poll program is archived"/>
            <column name="polltype_updattim" valueDate="${now}"/>
            <column name="polltype_upuser" value="johlyn"/>
        </insert>
        <rollback>
            <delete tableName="polltype">
                <where>
                    polltype_id in (1, 2, 3, 4)
                </where>
            </delete>
        </rollback>
    </changeSet>

    <changeSet author="johlyn" id="polltype - fix description">
        <delete tableName="polltype">
            <where>
                polltype_id in (1, 2, 3, 4)
            </where>
        </delete>
        <insert tableName="polltype">
            <column name="polltype_id" value="1"/>
            <column name="polltype_name" value="PROGRAM_POLL"/>
            <column name="polltype_desc" value="Type of poll is from program poll"/>
            <column name="polltype_updattim" valueDate="${now}"/>
            <column name="polltype_upuser" value="johlyn"/>
        </insert>
        <insert tableName="polltype">
            <column name="polltype_id" value="2"/>
            <column name="polltype_name" value="SAMPLING_POLL"/>
            <column name="polltype_desc" value="Type of poll is sampling"/>
            <column name="polltype_updattim" valueDate="${now}"/>
            <column name="polltype_upuser" value="johlyn"/>
        </insert>
        <insert tableName="polltype">
            <column name="polltype_id" value="3"/>
            <column name="polltype_name" value="MANUAL_POLL"/>
            <column name="polltype_desc" value="Type of poll is manual (once)"/>
            <column name="polltype_updattim" valueDate="${now}"/>
            <column name="polltype_upuser" value="johlyn"/>
        </insert>
        <insert tableName="polltype">
            <column name="polltype_id" value="4"/>
            <column name="polltype_name" value="CONFIGURATION_POLL"/>
            <column name="polltype_desc" value="Type of poll is configuration"/>
            <column name="polltype_updattim" valueDate="${now}"/>
            <column name="polltype_upuser" value="johlyn"/>
        </insert>
        <rollback>
            <delete tableName="polltype">
                <where>
                    polltype_id in (1, 2, 3, 4)
                </where>
            </delete>
        </rollback>
    </changeSet>

</databaseChangeLog>
