<?xml version="1.0" encoding="UTF-8" standalone="no"?>
<databaseChangeLog xmlns="http://www.liquibase.org/xml/ns/dbchangelog"
                   xmlns:xsi="http://www.w3.org/2001/XMLSchema-instance"
                   xsi:schemaLocation="http://www.liquibase.org/xml/ns/dbchangelog
                   http://www.liquibase.org/xml/ns/dbchangelog/dbchangelog-3.7.xsd">

    <changeSet author="johlyn" id="insert INRMARSAT-C values">
        <insert tableName="terminaltype">
            <column name="termtype_id" value="1"/>
            <column name="termtype_name" value="INMARSAT_C"/>
            <column name="termtype_desc" value="Inmarsat C transponder"/>
            <column name="termtype_updattim" valueDate="${now}"/>
            <column name="termtype_upuser" value="johlyn"/>
        </insert>
        <rollback>
            <delete tableName="terminaltype">
                <where>termtype_id = 1</where>
            </delete>
        </rollback>
    </changeSet>

</databaseChangeLog>
