<?xml version="1.0" encoding="UTF-8" standalone="no"?>
<databaseChangeLog xmlns="http://www.liquibase.org/xml/ns/dbchangelog"
                   xmlns:xsi="http://www.w3.org/2001/XMLSchema-instance"
                   xsi:schemaLocation="http://www.liquibase.org/xml/ns/dbchangelog
                   http://www.liquibase.org/xml/ns/dbchangelog/dbchangelog-3.7.xsd">

    <changeSet author="johlyn" id="insert INRMARSAT-C values">
        <insert tableName="comchannelnametype">
            <column name="comchannametype_id" value="1"/>
            <column name="comchannametype_name" value="VMS"/>
            <column name="comchannametype_desc" value="VMS type of comchannel"/>
            <column name="comchannametype_updattim" valueDate="${now}"/>
            <column name="comchannametype_upuser" value="johlyn"/>
        </insert>
        <rollback>
            <delete tableName="comchannelnametype">
                <where>
                    comchannametype_id = 1
                </where>
            </delete>
        </rollback>
    </changeSet>

</databaseChangeLog>
