<?xml version="1.0" encoding="UTF-8" standalone="no"?>
<databaseChangeLog xmlns="http://www.liquibase.org/xml/ns/dbchangelog"
                   xmlns:xsi="http://www.w3.org/2001/XMLSchema-instance"
                   xsi:schemaLocation="http://www.liquibase.org/xml/ns/dbchangelog
                   http://www.liquibase.org/xml/ns/dbchangelog/dbchangelog-3.7.xsd"
                   logicalFilePath="changelog/v1.0/db-changelog-createTables.xml">

    <changeSet author="thofan (generated)" id="1535445328879-1">
        <createSequence sequenceName="next_unknown_ship_seq"/>
    </changeSet>
    <changeSet author="thofan (generated)" id="1535445328879-2">
        <createSequence sequenceName="hibernate_sequence"/>
    </changeSet>
    <changeSet author="thofan (generated)" id="1530775362228-20">
        <createTable remarks="OceanRegion codes valid for InmarsatC" tableName="oceanregion">
            <column name="id" type="UUID">
                <constraints nullable="false"/>
            </column>
            <column name="code" type="INT"/>
            <column name="name" type="VARCHAR(200)"/>
            <column name="desc" type="VARCHAR(80)"/>
            <column name="updattim" type="TIMESTAMP(6) WITH TIME ZONE"/>
            <column name="upuser" type="VARCHAR(60)"/>
        </createTable>
    </changeSet>
    <changeSet author="thofan (generated)" id="1530775362228-47">
        <addPrimaryKey columnNames="id" constraintName="oceanregion_pk" tableName="oceanregion"/>
    </changeSet>
    <changeSet author="thofan (generated)" id="1530775362228-68">
        <createIndex indexName="oceanreg_inx" tableName="oceanregion" unique="true">
            <column name="code"/>
        </createIndex>
    </changeSet>
    <changeSet author="thofan (generated)" id="1535445328879-3">
        <createTable tableName="asset">
            <column name="id" type="UUID">
                <constraints nullable="false"/>
            </column>
            <column name="active" type="BOOLEAN"/>
            <column name="administrativedecisiondate" type="TIMESTAMP(6) WITH TIME ZONE"/>
            <column name="agentisalsoowner" type="BOOLEAN"/>
            <column name="aisindicator" type="BOOLEAN"/>
            <column name="assetagentaddress" type="VARCHAR(100)"/>
            <column name="cfr" type="VARCHAR(12)"/>
            <column name="commissiondate" type="TIMESTAMP(6) WITH TIME ZONE"/>
            <column name="constructionplace" type="VARCHAR(100)"/>
            <column name="constructionyear" type="VARCHAR(4)"/>
            <column name="countryofimportorexport" type="VARCHAR(3)"/>
            <column name="ersindicator" type="BOOLEAN"/>
            <column name="eventcode" type="VARCHAR(255)"/>
            <column name="externalmarking" type="VARCHAR(14)"/>
            <column name="flagstatecode" type="VARCHAR(3)"/>
            <column name="gearfishingtype" type="VARCHAR(255)"/>
            <column name="gfcm" type="VARCHAR(50)"/>
            <column name="grosstonnage" type="FLOAT8"/>
            <column name="grosstonnageunit" type="VARCHAR(255)"/>
            <column name="haslicense" type="BOOLEAN"/>
            <column name="hasvms" type="BOOLEAN"/>
            <column name="historyid" type="UUID"/>
            <column name="hullmaterial" type="VARCHAR(255)"/>
            <column name="iccat" type="VARCHAR(50)"/>
            <column name="imo" type="VARCHAR(7)"/>
            <column name="ircs" type="VARCHAR(8)"/>
            <column name="ircsindicator" type="BOOLEAN"/>
            <column name="lengthbetweenperpendiculars" type="FLOAT8"/>
            <column name="lengthoverall" type="FLOAT8"/>
            <column name="licensetype" type="VARCHAR(25)"/>
            <column name="mainfishinggearcode" type="VARCHAR(255)"/>
            <column name="mmsi" type="VARCHAR(9)"/>
            <column name="name" type="VARCHAR(40)"/>
            <column name="othertonnage" type="FLOAT8"/>
            <column name="owneraddress" type="VARCHAR(100)"/>
            <column name="ownername" type="VARCHAR(100)"/>
            <column name="portofregistration" type="VARCHAR(30)"/>
            <column name="powerofauxengine" type="FLOAT8"/>
            <column name="powerofmainengine" type="FLOAT8"/>
            <column name="prodorgcode" type="VARCHAR(255)"/>
            <column name="prodorgname" type="VARCHAR(255)"/>
            <column name="publicaid" type="VARCHAR(255)"/>
            <column name="registrationnumber" type="VARCHAR(14)"/>
            <column name="safetygrosstonnage" type="FLOAT8"/>
            <column name="segment" type="VARCHAR(255)"/>
            <column name="segmentofadministrativedecision" type="VARCHAR(255)"/>
            <column name="source" type="VARCHAR(255)"/>
            <column name="subfishinggearcode" type="VARCHAR(255)"/>
            <column name="typeofexport" type="VARCHAR(255)"/>
            <column name="updatetime" type="TIMESTAMP(6) WITH TIME ZONE"/>
            <column name="updatedby" type="VARCHAR(60)"/>
            <column name="uvi" type="VARCHAR(50)"/>
            <column name="vesseldateofentry" type="TIMESTAMP(6) WITH TIME ZONE"/>
            <column name="vesseltype" type="VARCHAR(100)"/>
            <column name="vmsindicator" type="BOOLEAN"/>
        </createTable>
    </changeSet>
    <changeSet author="thofan (generated)" id="1535445328879-4">
        <createTable tableName="asset_aud">
            <column name="id" type="UUID">
                <constraints nullable="false"/>
            </column>
            <column name="rev" type="INT">
                <constraints nullable="false"/>
            </column>
            <column name="revtype" type="SMALLINT"/>
            <column name="active" type="BOOLEAN"/>
            <column name="administrativedecisiondate" type="TIMESTAMP(6) WITH TIME ZONE"/>
            <column name="agentisalsoowner" type="BOOLEAN"/>
            <column name="aisindicator" type="BOOLEAN"/>
            <column name="assetagentaddress" type="VARCHAR(255)"/>
            <column name="cfr" type="VARCHAR(255)"/>
            <column name="commissiondate" type="TIMESTAMP(6) WITH TIME ZONE"/>
            <column name="constructionplace" type="VARCHAR(255)"/>
            <column name="constructionyear" type="VARCHAR(255)"/>
            <column name="countryofimportorexport" type="VARCHAR(255)"/>
            <column name="ersindicator" type="BOOLEAN"/>
            <column name="eventcode" type="VARCHAR(255)"/>
            <column name="externalmarking" type="VARCHAR(255)"/>
            <column name="flagstatecode" type="VARCHAR(255)"/>
            <column name="gearfishingtype" type="VARCHAR(255)"/>
            <column name="gfcm" type="VARCHAR(255)"/>
            <column name="grosstonnage" type="FLOAT8"/>
            <column name="grosstonnageunit" type="VARCHAR(255)"/>
            <column name="haslicense" type="BOOLEAN"/>
            <column name="hasvms" type="BOOLEAN"/>
            <column name="historyid" type="UUID"/>
            <column name="hullmaterial" type="VARCHAR(255)"/>
            <column name="iccat" type="VARCHAR(255)"/>
            <column name="imo" type="VARCHAR(255)"/>
            <column name="ircs" type="VARCHAR(255)"/>
            <column name="ircsindicator" type="BOOLEAN"/>
            <column name="lengthbetweenperpendiculars" type="FLOAT8"/>
            <column name="lengthoverall" type="FLOAT8"/>
            <column name="licensetype" type="VARCHAR(255)"/>
            <column name="mainfishinggearcode" type="VARCHAR(255)"/>
            <column name="mmsi" type="VARCHAR(255)"/>
            <column name="name" type="VARCHAR(255)"/>
            <column name="othertonnage" type="FLOAT8"/>
            <column name="owneraddress" type="VARCHAR(255)"/>
            <column name="ownername" type="VARCHAR(255)"/>
            <column name="portofregistration" type="VARCHAR(255)"/>
            <column name="powerofauxengine" type="FLOAT8"/>
            <column name="powerofmainengine" type="FLOAT8"/>
            <column name="prodorgcode" type="VARCHAR(255)"/>
            <column name="prodorgname" type="VARCHAR(255)"/>
            <column name="publicaid" type="VARCHAR(255)"/>
            <column name="registrationnumber" type="VARCHAR(255)"/>
            <column name="safetygrosstonnage" type="FLOAT8"/>
            <column name="segment" type="VARCHAR(255)"/>
            <column name="segmentofadministrativedecision" type="VARCHAR(255)"/>
            <column name="source" type="VARCHAR(255)"/>
            <column name="subfishinggearcode" type="VARCHAR(255)"/>
            <column name="typeofexport" type="VARCHAR(255)"/>
            <column name="updatetime" type="TIMESTAMP(6) WITH TIME ZONE"/>
            <column name="updatedby" type="VARCHAR(255)"/>
            <column name="uvi" type="VARCHAR(255)"/>
            <column name="vesseldateofentry" type="TIMESTAMP(6) WITH TIME ZONE"/>
            <column name="vesseltype" type="VARCHAR(255)"/>
            <column name="vmsindicator" type="BOOLEAN"/>
        </createTable>
    </changeSet>
    <changeSet author="thofan (generated)" id="1535445328879-5">
        <createTable tableName="assetgroup">
            <column name="id" type="UUID">
                <constraints nullable="false"/>
            </column>
            <column name="archived" type="BOOLEAN"/>
            <column name="dynamic" type="BOOLEAN"/>
            <column name="global" type="BOOLEAN"/>
            <column name="name" type="VARCHAR(80)">
                <constraints nullable="false"/>
            </column>
            <column name="user_id" type="VARCHAR(80)">
                <constraints nullable="false"/>
            </column>
            <column name="updattim" type="TIMESTAMP(6) WITH TIME ZONE"/>
            <column name="upuser" type="VARCHAR(60)"/>
        </createTable>
    </changeSet>
    <changeSet author="thofan (generated)" id="1535445328879-6">
        <createTable tableName="assetgroupfield">
            <column name="id" type="UUID">
                <constraints nullable="false"/>
            </column>
            <column name="key" type="VARCHAR(80)">
                <constraints nullable="false"/>
            </column>
            <column name="updatetime" type="TIMESTAMP(6) WITH TIME ZONE"/>
            <column name="updateuser" type="VARCHAR(60)"/>
            <column name="value" type="VARCHAR(100)">
                <constraints nullable="false"/>
            </column>
            <column name="assetgroup" type="UUID"/>
        </createTable>
    </changeSet>
    <changeSet author="thofan (generated)" id="1535445328879-7">
        <createTable tableName="channel">
            <column name="id" type="UUID">
                <constraints nullable="false"/>
            </column>
            <column name="dnid" type="VARCHAR(255)">
            </column>
            <column name="active" type="BOOLEAN"/>
            <column name="archived" type="BOOLEAN"/>
            <column name="chan_conf" type="BOOLEAN"/>
            <column name="chan_def" type="BOOLEAN"/>
            <column name="chan_poll" type="BOOLEAN"/>
            <column name="end_date" type="TIMESTAMP(6) WITH TIME ZONE"/>
            <column name="expected_frequency" type="BIGINT">
                <constraints nullable="false"/>
            </column>
            <column name="expected_frequency_in_port" type="BIGINT">
                <constraints nullable="false"/>
            </column>
            <column name="frequency_grace_period" type="BIGINT">
                <constraints nullable="false"/>
            </column>
            <column name="historyid" type="UUID"/>
            <column name="install_date" type="TIMESTAMP(6) WITH TIME ZONE"/>
            <column name="installed_by" type="VARCHAR(255)">
            </column>
            <column name="les_description" type="VARCHAR(255)">
            </column>
            <column name="member_number" type="VARCHAR(255)">
            </column>
            <column name="com_channel_name" type="VARCHAR(255)"/>
            <column name="start_date" type="TIMESTAMP(6) WITH TIME ZONE"/>
            <column name="uninstall_date" type="TIMESTAMP(6) WITH TIME ZONE"/>
            <column name="updattime" type="TIMESTAMP(6) WITH TIME ZONE"/>
            <column name="updateuser" type="VARCHAR(255)"/>
            <column name="mobterm_id" type="UUID"/>
        </createTable>
    </changeSet>
    <changeSet author="thofan (generated)" id="1535445328879-8">
        <createTable tableName="channel_aud">
            <column name="id" type="UUID">
                <constraints nullable="false"/>
            </column>
            <column name="rev" type="INT">
                <constraints nullable="false"/>
            </column>
            <column name="revtype" type="SMALLINT"/>
            <column name="dnid" type="VARCHAR(255)"/>
            <column name="active" type="BOOLEAN"/>
            <column name="archived" type="BOOLEAN"/>
            <column name="chan_conf" type="BOOLEAN"/>
            <column name="chan_def" type="BOOLEAN"/>
            <column name="chan_poll" type="BOOLEAN"/>
            <column name="end_date" type="TIMESTAMP(6) WITH TIME ZONE"/>
            <column name="expected_frequency" type="BIGINT"/>
            <column name="expected_frequency_in_port" type="BIGINT"/>
            <column name="frequency_grace_period" type="BIGINT"/>
            <column name="historyid" type="UUID"/>
            <column name="install_date" type="TIMESTAMP(6) WITH TIME ZONE"/>
            <column name="installed_by" type="VARCHAR(255)"/>
            <column name="les_description" type="VARCHAR(255)"/>
            <column name="member_number" type="VARCHAR(255)"/>
            <column name="com_channel_name" type="VARCHAR(255)"/>
            <column name="start_date" type="TIMESTAMP(6) WITH TIME ZONE"/>
            <column name="uninstall_date" type="TIMESTAMP(6) WITH TIME ZONE"/>
            <column name="updattime" type="TIMESTAMP(6) WITH TIME ZONE"/>
            <column name="updateuser" type="VARCHAR(255)"/>
            <column name="mobterm_id" type="UUID"/>
        </createTable>
    </changeSet>
    <changeSet author="thofan (generated)" id="1535445328879-9">
        <createTable tableName="contactinfo">
            <column name="id" type="UUID">
                <constraints nullable="false"/>
            </column>
            <column name="assetid" type="UUID"/>
            <column name="asset_updatetime" type="TIMESTAMP(6) WITH TIME ZONE"/>
            <column name="cityname" type="VARCHAR(100)"/>
            <column name="country" type="VARCHAR(3)"/>
            <column name="email" type="VARCHAR(255)"/>
            <column name="historyid" type="UUID"/>
            <column name="name" type="VARCHAR(255)"/>
            <column name="nationality" type="VARCHAR(100)"/>
            <column name="owner" type="BOOLEAN"/>
            <column name="phone" type="VARCHAR(255)"/>
            <column name="postofficebox" type="VARCHAR(100)"/>
            <column name="postalarea" type="VARCHAR(100)"/>
            <column name="zipcode" type="VARCHAR(100)"/>
            <column name="source" type="VARCHAR(255)"/>
            <column name="streetname" type="VARCHAR(100)"/>
            <column name="type" type="VARCHAR(100)"/>
            <column name="createtime" type="TIMESTAMP(6) WITH TIME ZONE"/>
            <column name="updatedby" type="VARCHAR(60)"/>
        </createTable>
    </changeSet>
    <changeSet author="kasgul (generated)" id="1535445328879-116">
        <createTable tableName="contactinfo_aud">
            <column name="id" type="UUID">
                <constraints nullable="false"/>
            </column>
            <column name="rev" type="INT">
                <constraints nullable="false"/>
            </column>
            <column name="revtype" type="SMALLINT"/>
            <column name="assetid" type="UUID"/>
            <column name="asset_updatetime" type="TIMESTAMP(6) WITH TIME ZONE"/>
            <column name="cityname" type="VARCHAR(255)"/>
            <column name="country" type="VARCHAR(255)"/>
            <column name="email" type="VARCHAR(255)"/>
            <column name="historyid" type="UUID"/>
            <column name="name" type="VARCHAR(255)"/>
            <column name="nationality" type="VARCHAR(255)"/>
            <column name="owner" type="BOOLEAN"/>
            <column name="phone" type="VARCHAR(255)"/>
            <column name="postofficebox" type="VARCHAR(255)"/>
            <column name="postalarea" type="VARCHAR(255)"/>
            <column name="zipcode" type="VARCHAR(100)"/>
            <column name="source" type="VARCHAR(255)"/>
            <column name="streetname" type="VARCHAR(255)"/>
            <column name="type" type="VARCHAR(255)"/>
            <column name="createtime" type="TIMESTAMP(6) WITHOUT TIME ZONE"/>
            <column name="updatedby" type="VARCHAR(255)"/>
        </createTable>
    </changeSet>
    <changeSet author="thofan (generated)" id="1535445328879-10">
        <createTable tableName="customcode">
            <column name="code" type="VARCHAR(255)">
                <constraints nullable="false"/>
            </column>
            <column name="constant" type="VARCHAR(255)">
                <constraints nullable="false"/>
            </column>
            <column name="validfromdate" type="TIMESTAMP(6) WITH TIME ZONE">
                <constraints nullable="false"/>
            </column>
            <column name="validtodate" type="TIMESTAMP(6) WITH TIME ZONE">
                <constraints nullable="false"/>
            </column>
            <column name="description" type="VARCHAR(255)"/>
        </createTable>
    </changeSet>
    <changeSet author="thofan (generated)" id="1535445328879-11">
        <createTable tableName="customcode_namevalue">
            <column name="customcode_code" type="VARCHAR(255)">
                <constraints nullable="false"/>
            </column>
            <column name="customcode_constant" type="VARCHAR(255)">
                <constraints nullable="false"/>
            </column>
            <column name="customcode_validfromdate" type="TIMESTAMP(6) WITH TIME ZONE">
                <constraints nullable="false"/>
            </column>
            <column name="customcode_validtodate" type="TIMESTAMP(6) WITH TIME ZONE">
                <constraints nullable="false"/>
            </column>
            <column name="value" type="VARCHAR(255)"/>
            <column name="key" type="VARCHAR(255)">
                <constraints nullable="false"/>
            </column>
        </createTable>
    </changeSet>
    <changeSet author="thofan (generated)" id="1535445328879-13">
        <createTable tableName="dnid_list">
            <column name="id" type="UUID">
                <constraints nullable="false"/>
            </column>
            <column name="dnid" type="VARCHAR(100)"/>
            <column name="plugin_service_name" type="VARCHAR(500)"/>
            <column name="updattim" type="TIMESTAMP(6) WITH TIME ZONE"/>
            <column name="upuser" type="VARCHAR(60)"/>
        </createTable>
    </changeSet>
    <changeSet author="thofan (generated)" id="1535445328879-14">
        <createTable tableName="inmarsatc_oceanregion">
            <column name="id" type="UUID">
                <constraints nullable="false"/>
            </column>
            <column name="code" type="INT"/>
            <column name="name" type="VARCHAR(200)"/>
            <column name="updattim" type="TIMESTAMP(6) WITH TIME ZONE"/>
            <column name="upuser" type="VARCHAR(60)"/>
            <column name="inmarsatc_history_id" type="UUID">
                <constraints nullable="false"/>
            </column>
        </createTable>
    </changeSet>
    <changeSet author="thofan (generated)" id="1535445328879-15">
        <createTable tableName="mobileterminal">
            <column name="id" type="UUID">
                <constraints nullable="false"/>
            </column>
            <column name="archived" type="BOOLEAN"/>
            <column name="createtime" type="TIMESTAMP(6) WITH TIME ZONE"/>
            <column name="historyid" type="UUID"/>
            <column name="inactivated" type="BOOLEAN"/>
            <column name="type" type="VARCHAR(255)">
                <constraints nullable="false"/>
            </column>
            <column name="serial_no" type="VARCHAR(255)">
                <constraints nullable="false"/>
            </column>
            <column name="source" type="VARCHAR(255)">
                <constraints nullable="false"/>
            </column>
            <column name="updatetime" type="TIMESTAMP(6) WITH TIME ZONE"/>
            <column name="updateuser" type="VARCHAR(60)"/>
            <column name="plugin_id" type="UUID">
                <constraints nullable="false"/>
            </column>
            <column name="asset_id" type="UUID"/>
            <column name="satellite_number" type="VARCHAR(60)"/>
            <column name="antenna" type="VARCHAR(60)"/>
            <column name="transceiver_type" type="VARCHAR(60)"/>
            <column name="software_version" type="VARCHAR(60)"/>
        </createTable>
    </changeSet>
    <changeSet author="thofan (generated)" id="1535445328879-16">
        <createTable tableName="mobileterminal_aud">
            <column name="id" type="UUID">
                <constraints nullable="false"/>
            </column>
            <column name="rev" type="INT">
                <constraints nullable="false"/>
            </column>
            <column name="revtype" type="SMALLINT"/>
            <column name="archived" type="BOOLEAN"/>
            <column name="createtime" type="TIMESTAMP(6) WITH TIME ZONE"/>
            <column name="historyid" type="UUID"/>
            <column name="inactivated" type="BOOLEAN"/>
            <column name="type" type="VARCHAR(255)"/>
            <column name="serial_no" type="VARCHAR(255)"/>
            <column name="source" type="VARCHAR(255)"/>
            <column name="updatetime" type="TIMESTAMP(6) WITH TIME ZONE"/>
            <column name="updateuser" type="VARCHAR(255)"/>
            <column name="plugin_id" type="UUID"/>
            <column name="asset_id" type="UUID"/>
            <column name="satellite_number" type="VARCHAR(60)"/>
            <column name="antenna" type="VARCHAR(60)"/>
            <column name="transceiver_type" type="VARCHAR(60)"/>
            <column name="software_version" type="VARCHAR(60)"/>
        </createTable>
    </changeSet>
    <changeSet author="thofan (generated)" id="1535445328879-21">
        <createTable tableName="note">
            <column name="id" type="UUID">
                <constraints nullable="false"/>
            </column>
            <column name="activitycode" type="VARCHAR(255)"/>
            <column name="assetid" type="UUID"/>
            <column name="contact" type="VARCHAR(255)"/>
            <column name="date" type="TIMESTAMP(6) WITH TIME ZONE"/>
            <column name="document" type="VARCHAR(255)"/>
            <column name="licenseholder" type="VARCHAR(255)"/>
            <column name="notes" type="VARCHAR(255)"/>
            <column name="readydate" type="TIMESTAMP(6) WITH TIME ZONE"/>
            <column name="sheetnumber" type="VARCHAR(255)"/>
            <column name="source" type="VARCHAR(255)"/>
            <column name="updatetime" type="TIMESTAMP(6) WITH TIME ZONE"/>
            <column name="updatedby" type="VARCHAR(60)"/>
            <column name="noteuser" type="VARCHAR(255)"/>
        </createTable>
    </changeSet>
    <changeSet author="thofan (generated)" id="1535445328879-22">
        <createTable remarks="Table as a placeholder of parameters and its values" tableName="parameter">
            <column name="param_id" remarks="Id and code for parameter." type="VARCHAR(500)">
                <constraints nullable="false"/>
            </column>
            <column name="param_description" remarks="Description of parameter or value." type="VARCHAR(500)">
                <constraints nullable="false"/>
            </column>
            <column name="param_value" remarks="Parameter value." type="VARCHAR(4000)"/>
        </createTable>
    </changeSet>
    <changeSet author="thofan (generated)" id="1535445328879-23">
        <createTable tableName="plugin">
            <column name="id" type="UUID">
                <constraints nullable="false"/>
            </column>
            <column name="description" type="VARCHAR(80)"/>
            <column name="name" type="VARCHAR(40)"/>
            <column name="inactive" type="BOOLEAN"/>
            <column name="satellite_type" type="VARCHAR(50)"/>
            <column name="service_name" type="VARCHAR(500)"/>
            <column name="updattim" type="TIMESTAMP(6) WITH TIME ZONE"/>
            <column name="upuser" type="VARCHAR(60)"/>
        </createTable>
    </changeSet>
    <changeSet author="thofan (generated)" id="1535445328879-25">
        <createTable tableName="plugin_capability">
            <column name="id" type="UUID">
                <constraints nullable="false"/>
            </column>
            <column name="capability" type="VARCHAR(25)"/>
            <column name="updattim" type="TIMESTAMP(6) WITH TIME ZONE"/>
            <column name="upuser" type="VARCHAR(60)"/>
            <column name="value" type="VARCHAR(25)"/>
            <column name="plugin_id" type="UUID"/>
        </createTable>
    </changeSet>
    <changeSet author="thofan (generated)" id="1535445328879-27">
        <createTable tableName="poll">
            <column name="id" type="UUID">
                <constraints nullable="false"/>
            </column>
            <column name="polltype" type="VARCHAR(255)"/>
            <column name="updattim" type="TIMESTAMP(6) WITH TIME ZONE"/>
            <column name="upuser" type="VARCHAR(60)"/>
            <column name="pollbase_id" type="UUID"/>
        </createTable>
    </changeSet>
    <changeSet author="thofan (generated)" id="1535445328879-28">
        <createTable tableName="pollbase">
            <column name="id" type="UUID">
                <constraints nullable="false"/>
            </column>
            <column name="channel_guid" type="UUID">
                <constraints nullable="false"/>
            </column>
            <column name="comment" type="VARCHAR(400)"/>
            <column name="createuser" type="VARCHAR(60)"/>
            <column name="connect_id" type="VARCHAR(255)"/>
            <column name="updattim" type="TIMESTAMP(6) WITH TIME ZONE"/>
            <column name="upuser" type="VARCHAR(255)"/>
            <column name="mobileterminal_id" type="UUID">
                <constraints nullable="false"/>
            </column>
        </createTable>
    </changeSet>
    <changeSet author="thofan (generated)" id="1535445328879-29">
        <createTable tableName="pollpayload">
            <column name="id" type="UUID">
                <constraints nullable="false"/>
            </column>
            <column name="grace_period" type="INT"/>
            <column name="in_port_grace" type="INT"/>
            <column name="newdnid" type="VARCHAR(60)"/>
            <column name="newmemberno" type="VARCHAR(60)"/>
            <column name="reporting_freq" type="INT"/>
            <column name="startdate" type="TIMESTAMP(6) WITH TIME ZONE"/>
            <column name="stopdate" type="TIMESTAMP(6) WITH TIME ZONE"/>
            <column name="poll_id" type="UUID"/>
        </createTable>
    </changeSet>
    <changeSet author="thofan (generated)" id="1535445328879-30">
        <createTable tableName="pollprogram">
            <column name="id" type="UUID">
                <constraints nullable="false"/>
            </column>
            <column name="frequency" type="INT"/>
            <column name="latestruntime" type="TIMESTAMP(6) WITH TIME ZONE"/>
            <column name="pollstate" type="VARCHAR(255)"/>
            <column name="startdate" type="TIMESTAMP(6) WITH TIME ZONE"/>
            <column name="stopdate" type="TIMESTAMP(6) WITH TIME ZONE"/>
            <column name="updattim" type="TIMESTAMP(6) WITH TIME ZONE"/>
            <column name="upuser" type="VARCHAR(60)"/>
            <column name="pollbase_id" type="UUID"/>
        </createTable>
    </changeSet>
    <changeSet author="thofan (generated)" id="1535445328879-31">
        <createTable tableName="revinfo">
            <column name="rev" type="INT">
                <constraints nullable="false"/>
            </column>
            <column name="revtstmp" type="BIGINT"/>
        </createTable>
    </changeSet>
    <changeSet author="thofan (generated)" id="1535445328879-32">
        <addPrimaryKey columnNames="id, rev" constraintName="asset_aud_pkey" tableName="asset_aud"/>
    </changeSet>
    <changeSet author="thofan (generated)" id="1535445328879-33">
        <addPrimaryKey columnNames="id" constraintName="asset_pkey" tableName="asset"/>
    </changeSet>
    <changeSet author="thofan (generated)" id="1535445328879-34">
        <addPrimaryKey columnNames="id" constraintName="assetgroup_pkey" tableName="assetgroup"/>
    </changeSet>
    <changeSet author="thofan (generated)" id="1535445328879-35">
        <addPrimaryKey columnNames="id" constraintName="assetgroupfield_pkey" tableName="assetgroupfield"/>
    </changeSet>
    <changeSet author="thofan (generated)" id="1535445328879-36">
        <addPrimaryKey columnNames="id, rev" constraintName="channel_aud_pkey" tableName="channel_aud"/>
    </changeSet>
    <changeSet author="thofan (generated)" id="1535445328879-37">
        <addPrimaryKey columnNames="id" constraintName="channel_pkey" tableName="channel"/>
    </changeSet>
    <changeSet author="thofan (generated)" id="1535445328879-38">
        <addPrimaryKey columnNames="id" constraintName="contactinfo_pkey" tableName="contactinfo"/>
    </changeSet>
    <changeSet author="kasgul (generated)" id="1535445328879-117">
        <addPrimaryKey columnNames="id, rev" constraintName="contactinfo_aud_pkey" tableName="contactinfo_aud"/>
    </changeSet>
    <changeSet author="thofan (generated)" id="1535445328879-39">
        <addPrimaryKey
                columnNames="customcode_code, customcode_constant, customcode_validfromdate, customcode_validtodate, key"
                constraintName="customcode_namevalue_pkey" tableName="customcode_namevalue"/>
    </changeSet>
    <changeSet author="thofan (generated)" id="1535445328879-40">
        <addPrimaryKey columnNames="code, constant, validfromdate, validtodate" constraintName="customcode_pkey"
                       tableName="customcode"/>
    </changeSet>
    <changeSet author="thofan (generated)" id="1535445328879-42">
        <addPrimaryKey columnNames="id" constraintName="dnid_list_pkey" tableName="dnid_list"/>
    </changeSet>
    <changeSet author="thofan (generated)" id="1535445328879-43">
        <addPrimaryKey columnNames="id" constraintName="inmarsatc_oceanregion_pkey" tableName="inmarsatc_oceanregion"/>
    </changeSet>
    <changeSet author="thofan (generated)" id="1535445328879-44">
        <addPrimaryKey columnNames="id, rev" constraintName="mobileterminal_aud_pkey" tableName="mobileterminal_aud"/>
    </changeSet>
    <changeSet author="thofan (generated)" id="1535445328879-45">
        <addPrimaryKey columnNames="id" constraintName="mobileterminal_pkey" tableName="mobileterminal"/>
    </changeSet>
    <changeSet author="thofan (generated)" id="1535445328879-50">
        <addPrimaryKey columnNames="id" constraintName="note_pkey" tableName="note"/>
    </changeSet>
    <changeSet author="thofan (generated)" id="1535445328879-51">
        <addPrimaryKey columnNames="param_id" constraintName="param_pk" tableName="parameter"/>
    </changeSet>
    <changeSet author="thofan (generated)" id="1535445328879-54">
        <addPrimaryKey columnNames="id" constraintName="plugin_capability_pkey" tableName="plugin_capability"/>
    </changeSet>
    <changeSet author="thofan (generated)" id="1535445328879-55">
        <addPrimaryKey columnNames="id" constraintName="plugin_pkey" tableName="plugin"/>
    </changeSet>
    <changeSet author="thofan (generated)" id="1535445328879-56">
        <addPrimaryKey columnNames="id" constraintName="poll_pkey" tableName="poll"/>
    </changeSet>
    <changeSet author="thofan (generated)" id="1535445328879-57">
        <addPrimaryKey columnNames="id" constraintName="pollbase_pkey" tableName="pollbase"/>
    </changeSet>
    <changeSet author="thofan (generated)" id="1535445328879-58">
        <addPrimaryKey columnNames="id" constraintName="pollpayload_pkey" tableName="pollpayload"/>
    </changeSet>
    <changeSet author="thofan (generated)" id="1535445328879-59">
        <addPrimaryKey columnNames="id" constraintName="pollprogram_pkey" tableName="pollprogram"/>
    </changeSet>
    <changeSet author="thofan (generated)" id="1535445328879-60">
        <addPrimaryKey columnNames="rev" constraintName="revinfo_pkey" tableName="revinfo"/>
    </changeSet>
    <changeSet author="thofan (generated)" id="1535445328879-61">
        <addUniqueConstraint columnNames="gfcm" constraintName="asset_uc_gfcm" tableName="asset"/>
    </changeSet>
    <changeSet author="thofan (generated)" id="1535445328879-62">
        <addUniqueConstraint columnNames="historyid" constraintName="asset_uc_historyid" tableName="asset"/>
    </changeSet>
    <changeSet author="thofan (generated)" id="1535445328879-63">
        <addUniqueConstraint columnNames="iccat" constraintName="asset_uc_iccat" tableName="asset"/>
    </changeSet>
    <changeSet author="thofan (generated)" id="1535445328879-64">
        <addUniqueConstraint columnNames="imo" constraintName="asset_uc_imo" tableName="asset"/>
    </changeSet>
    <changeSet author="thofan (generated)" id="1535445328879-65">
        <addUniqueConstraint columnNames="ircs" constraintName="asset_uc_ircs" tableName="asset"/>
    </changeSet>
    <changeSet author="thofan (generated)" id="1535445328879-66">
        <addUniqueConstraint columnNames="mmsi" constraintName="asset_uc_mmsi" tableName="asset"/>
    </changeSet>
    <changeSet author="thofan (generated)" id="1535445328879-67">
        <addUniqueConstraint columnNames="uvi" constraintName="asset_uc_uvi" tableName="asset"/>
    </changeSet>
    <changeSet author="joemat" id="1535445328880-67">
        <addUniqueConstraint columnNames="cfr" constraintName="asset_uc_cfr" tableName="asset"/>
    </changeSet>
    <changeSet author="thofan (generated)" id="1535445328879-68">
        <addUniqueConstraint columnNames="historyid" constraintName="channel_uc_historyid" tableName="channel"/>
    </changeSet>
    <changeSet author="joemat" id="4535445328880-100">
        <addUniqueConstraint columnNames="dnid, member_number" constraintName="channel_uc_dnid_member_number"
                             tableName="channel"/>
    </changeSet>
    <changeSet author="thofan (generated)" id="1535445328879-69">
        <addUniqueConstraint columnNames="historyid" constraintName="mobileterminal_uc_historyid"
                             tableName="mobileterminal"/>
    </changeSet>
    <changeSet author="thofan (generated)" id="1535445328879-70">
        <addUniqueConstraint columnNames="service_name" constraintName="plugin_uc_service_name" tableName="plugin"/>
    </changeSet>
    <changeSet author="thofan (generated)" id="4535445328880-99">
        <addUniqueConstraint columnNames="serial_no" constraintName="mobileterminal_uc_serialnumber"
                             tableName="mobileterminal"/>
    </changeSet>
    <changeSet author="thofan (generated)" id="1535445328879-71">
        <createIndex indexName="assetgroupfield_assetgroup_fk_inx10" tableName="assetgroupfield">
            <column name="assetgroup"/>
        </createIndex>
    </changeSet>
    <changeSet author="thofan (generated)" id="1535445328879-72">
        <createIndex indexName="channel_inx01" tableName="channel">
            <column name="dnid"/>
        </createIndex>
    </changeSet>
    <changeSet author="thofan (generated)" id="1535445328879-74">
        <createIndex indexName="channel_mobterm_fk_inx01" tableName="channel">
            <column name="mobterm_id"/>
        </createIndex>
    </changeSet>
    <changeSet author="thofan (generated)" id="1535445328879-75">
        <createIndex indexName="dnid_list_inx_01" tableName="dnid_list">
            <column name="dnid"/>
        </createIndex>
    </changeSet>
    <changeSet author="thofan (generated)" id="1535445328879-76">
        <createIndex indexName="inmarsatc_oceanregion_mobterm_event_fk_inx01" tableName="inmarsatc_oceanregion">
            <column name="inmarsatc_history_id"/>
        </createIndex>
    </changeSet>
    <changeSet author="thofan (generated)" id="1535445328879-77">
        <createIndex indexName="mobileterminal_inx01" tableName="mobileterminal">
            <column name="serial_no"/>
        </createIndex>
    </changeSet>
    <changeSet author="thofan (generated)" id="1535445328879-78">
        <createIndex indexName="mobileterminal_plugin_fk_inx01" tableName="mobileterminal">
            <column name="plugin_id"/>
        </createIndex>
    </changeSet>
    <changeSet author="thofan (generated)" id="1535445328879-80">
        <createIndex indexName="mobileterminal_asset_fk_inx10" tableName="mobileterminal">
            <column name="asset_id"/>
        </createIndex>
    </changeSet>
    <changeSet author="thofan (generated)" id="1535445328879-85">
        <createIndex indexName="note_asset_fk_inx10" tableName="note">
            <column name="assetid"/>
        </createIndex>
    </changeSet>
    <changeSet author="thofan (generated)" id="1535445328879-116">
        <createIndex indexName="contactinfo_asset_fk_inx10" tableName="contactinfo">
            <column name="assetid"/>
        </createIndex>
    </changeSet>
    <changeSet author="thofan (generated)" id="1535445328879-86">
        <createIndex indexName="plugin_capability_plugin_fk_inx10" tableName="plugin_capability">
            <column name="plugin_id"/>
        </createIndex>
    </changeSet>
    <changeSet author="thofan (generated)" id="1535445328879-87">
        <createIndex indexName="poll1_pollbase_fk_inx10" tableName="poll">
            <column name="pollbase_id"/>
        </createIndex>
    </changeSet>
    <changeSet author="thofan (generated)" id="1535445328879-88">
        <createIndex indexName="pollbase_channel_fk_inx10" tableName="pollbase">
            <column name="channel_guid"/>
        </createIndex>
    </changeSet>
    <changeSet author="thofan (generated)" id="1535445328879-89">
        <createIndex indexName="pollbase_mobterm_fk_inx10" tableName="pollbase">
            <column name="mobileterminal_id"/>
        </createIndex>
    </changeSet>
    <changeSet author="thofan (generated)" id="1535445328879-90">
        <createIndex indexName="pollpayload_poll_fk_inx10" tableName="pollpayload">
            <column name="poll_id"/>
        </createIndex>
    </changeSet>
    <changeSet author="thofan (generated)" id="1535445328879-91">
        <createIndex indexName="pollprogram_pollbase_fk_inx10" tableName="pollprogram">
            <column name="pollbase_id"/>
        </createIndex>
    </changeSet>
    <changeSet author="thofan (generated)" id="1535445328879-92">
        <addForeignKeyConstraint baseColumnNames="assetgroup" baseTableName="assetgroupfield"
                                 constraintName="assetgroupfield_assetgroup_fk" deferrable="false"
                                 initiallyDeferred="false" onDelete="NO ACTION" onUpdate="NO ACTION"
                                 referencedColumnNames="id" referencedTableName="assetgroup"/>
    </changeSet>
    <changeSet author="thofan (generated)" id="1535445328879-93">
        <addForeignKeyConstraint baseColumnNames="mobterm_id" baseTableName="channel"
                                 constraintName="channel_mobileterminal_fk" deferrable="false" initiallyDeferred="false"
                                 onDelete="NO ACTION" onUpdate="NO ACTION" referencedColumnNames="id"
                                 referencedTableName="mobileterminal"/>
    </changeSet>
    <changeSet author="thofan (generated)" id="1535445328879-95">
        <addForeignKeyConstraint baseColumnNames="rev" baseTableName="mobileterminal_aud"
                                 constraintName="fk3r4svjbsvkxgvfguo50khajk2" deferrable="false"
                                 initiallyDeferred="false" onDelete="NO ACTION" onUpdate="NO ACTION"
                                 referencedColumnNames="rev" referencedTableName="revinfo"/>
    </changeSet>
    <changeSet author="kasgul (generated)" id="1535445328879-118">
        <addForeignKeyConstraint baseColumnNames="rev" baseTableName="contactinfo_aud"
                                 constraintName="fk7nb5ms3cc7s1ccd4248lrvq90" deferrable="false"
                                 initiallyDeferred="false" onDelete="NO ACTION" onUpdate="NO ACTION"
                                 referencedColumnNames="rev" referencedTableName="revinfo"/>
    </changeSet>
    <changeSet author="thofan (generated)" id="1535445328879-99">
        <addForeignKeyConstraint baseColumnNames="rev" baseTableName="channel_aud"
                                 constraintName="fkjcnf5hokby2hgv1gaeed8d0o8" deferrable="false"
                                 initiallyDeferred="false" onDelete="NO ACTION" onUpdate="NO ACTION"
                                 referencedColumnNames="rev" referencedTableName="revinfo"/>
    </changeSet>
    <changeSet author="thofan (generated)" id="1535445328879-101">
        <addForeignKeyConstraint baseColumnNames="rev" baseTableName="asset_aud"
                                 constraintName="fklq7kauhigk0mdew67qs2l39ci" deferrable="false"
                                 initiallyDeferred="false" onDelete="NO ACTION" onUpdate="NO ACTION"
                                 referencedColumnNames="rev" referencedTableName="revinfo"/>
    </changeSet>
    <changeSet author="thofan (generated)" id="1535445328879-102">
        <addForeignKeyConstraint
                baseColumnNames="customcode_code,customcode_constant,customcode_validfromdate,customcode_validtodate"
                baseTableName="customcode_namevalue" constraintName="customcode_namevalue_customcode_fk"
                deferrable="false" initiallyDeferred="false" onDelete="NO ACTION" onUpdate="NO ACTION"
                referencedColumnNames="code,constant,validfromdate,validtodate" referencedTableName="customcode"/>
    </changeSet>
    <changeSet author="thofan (generated)" id="1535445328879-104">
        <addForeignKeyConstraint baseColumnNames="plugin_id" baseTableName="mobileterminal"
                                 constraintName="mobileterminal_plugin_fk" deferrable="false" initiallyDeferred="false"
                                 onDelete="NO ACTION" onUpdate="NO ACTION" referencedColumnNames="id"
                                 referencedTableName="plugin"/>
    </changeSet>
    <changeSet author="thofan (generated)" id="1535445328879-106">
        <addForeignKeyConstraint baseColumnNames="asset_id" baseTableName="mobileterminal"
                                 constraintName="mobileterminal_asset_fk" deferrable="false" initiallyDeferred="false"
                                 onDelete="NO ACTION" onUpdate="NO ACTION" referencedColumnNames="id"
                                 referencedTableName="asset"/>
    </changeSet>
    <changeSet author="thofan (generated)" id="1535445328879-111">
        <addForeignKeyConstraint baseColumnNames="plugin_id" baseTableName="plugin_capability"
                                 constraintName="plugin_capability_plugin_fk" deferrable="false"
                                 initiallyDeferred="false" onDelete="NO ACTION" onUpdate="NO ACTION"
                                 referencedColumnNames="id" referencedTableName="plugin"/>
    </changeSet>
    <changeSet author="thofan (generated)" id="1535445328879-112">
        <addForeignKeyConstraint baseColumnNames="pollbase_id" baseTableName="poll" constraintName="poll_pollbase_fk"
                                 deferrable="false" initiallyDeferred="false" onDelete="NO ACTION" onUpdate="NO ACTION"
                                 referencedColumnNames="id" referencedTableName="pollbase"/>
    </changeSet>
    <changeSet author="thofan (generated)" id="1535445328879-113">
        <addForeignKeyConstraint baseColumnNames="mobileterminal_id" baseTableName="pollbase"
                                 constraintName="pollbase_mobileterminal_fk" deferrable="false"
                                 initiallyDeferred="false" onDelete="NO ACTION" onUpdate="NO ACTION"
                                 referencedColumnNames="id" referencedTableName="mobileterminal"/>
    </changeSet>
    <changeSet author="thofan (generated)" id="1535445328879-114">
        <addForeignKeyConstraint baseColumnNames="poll_id" baseTableName="pollpayload"
                                 constraintName="pollpayload_poll_fk" deferrable="false" initiallyDeferred="false"
                                 onDelete="NO ACTION" onUpdate="NO ACTION" referencedColumnNames="id"
                                 referencedTableName="poll"/>
    </changeSet>
    <changeSet author="thofan (generated)" id="1535445328879-115">
        <addForeignKeyConstraint baseColumnNames="pollbase_id" baseTableName="pollprogram"
                                 constraintName="pollprograme_pollbase_fk" deferrable="false" initiallyDeferred="false"
                                 onDelete="NO ACTION" onUpdate="NO ACTION" referencedColumnNames="id"
                                 referencedTableName="pollbase"/>
    </changeSet>
</databaseChangeLog>
