<?xml version="1.0" encoding="UTF-8" standalone="no"?>
<databaseChangeLog xmlns="http://www.liquibase.org/xml/ns/dbchangelog"
                   xmlns:xsi="http://www.w3.org/2001/XMLSchema-instance"
                   xsi:schemaLocation="http://www.liquibase.org/xml/ns/dbchangelog
                   http://www.liquibase.org/xml/ns/dbchangelog/dbchangelog-3.7.xsd"
                   logicalFilePath="changelog/v1.0/insertParameter.xml">

    <changeSet author="jojoha" id="Insert static parameter values_v_04">

        <insert tableName='parameter'>
            <column name='param_description' value='PARAMETER'/>
            <column name='param_id' value='ASSET.DEFAULT.FLAGSTATE'/>
            <column name='param_value' value='SWE'/>
        </insert>

        <insert tableName='parameter'>
            <column name='param_description' value='PARAMETER'/>
            <column name='param_id' value='ASSET.EU.SERVICE.CLIENT.CERT.HEADER'/>
            <column name='param_value' value='Client-Cert'/>
        </insert>
        <insert tableName='parameter'>
            <column name='param_description' value='PARAMETER'/>
            <column name='param_id' value='ASSET.EU.SERVICE.CLIENT.CERT.VALUE'/>
            <column name='param_value' value='jojoha'/>
        </insert>
        <insert tableName='parameter'>
            <column name='param_description' value='PARAMETER'/>
            <column name='param_id' value='ASSET.EU.SERVICE.DATAFLOW'/>
            <column name='param_value' value='urn:xeu:ec:fisheries:flux-bl:fr-vesseldeclaration:1'/>
        </insert>
        <insert tableName='parameter'>
            <column name='param_description' value='PARAMETER'/>
            <column name='param_id' value='ASSET.EU.SERVICE.ENDPOINT'/>
            <column name='param_value' value='http://livm58t:8080/BridgeWebApp/connector'/>
        </insert>
        <insert tableName='parameter'>
            <column name='param_description' value='PARAMETER'/>
            <column name='param_id' value='ASSET.EU.SERVICE.FLUX.AD'/>
            <column name='param_value' value='XEU'/>
        </insert>
        <insert tableName='parameter'>
            <column name='param_description' value='PARAMETER'/>
            <column name='param_id' value='ASSET.EU.USE'/>
            <column name='param_value' value='Use EU register of assets.'/>
        </insert>
        <insert tableName='parameter'>
            <column name='param_description' value='PARAMETER'/>
            <column name='param_id' value='ASSET.NATIONAL.USE'/>
            <column name='param_value' value='Use national register of assets.'/>
        </insert>
        <insert tableName='parameter'>
            <column name='param_description' value='PARAMETER'/>
            <column name='param_id' value='NATIONAL_EQUIPMENT_SERVICE_ENDPOINT'/>
            <column name='param_value'
                    value='http://livm60t.havochvatten.se:8080/EquipmentService/EquipmentPortTypeImpl'/>
        </insert>
        <insert tableName='parameter'>
            <column name='param_description' value='PARAMETER'/>
            <column name='param_id' value='NATIONAL_GENERAL_NOTIFICATION_SERVICE_ENDPOINT'/>
            <column name='param_value' value='http://osbtest.havochvatten.se:8011/esb/GeneralNotification/v1'/>
        </insert>
        <insert tableName='parameter'>
            <column name='param_description' value='PARAMETER'/>
            <column name='param_id' value='NATIONAL_SERVICE_ENDPOINT'/>
            <column name='param_value' value='http://osbtest.havochvatten.se:8011/esb/Vessel/v2'/>
        </insert>
        <insert tableName='parameter'>
            <column name='param_description' value='PARAMETER'/>
            <column name='param_id' value='NATIONAL_VESSEL_COMP_SERVICE_ENDPOINT'/>
            <column name='param_value' value='http://osbtest.havochvatten.se:8011/esb/VesselComp/v2'/>
        </insert>
        <insert tableName='parameter'>
            <column name='param_description' value='PARAMETER'/>
            <column name='param_id' value='NATIONAL_VESSEL_NATIONS'/>
            <column name='param_value' value='SWE,DNK'/>
        </insert>
        <insert tableName='parameter'>
            <column name='param_description' value='PARAMETER'/>
            <column name='param_id' value='VESSEL.EU.USE'/>
            <column name='param_value' value='Use EU register of vessels.'/>
        </insert>
        <insert tableName='parameter'>
            <column name='param_description' value='PARAMETER'/>
            <column name='param_id' value='VESSEL.NATIONAL.USE'/>
            <column name='param_value' value='Use national register of vessels.'/>
        </insert>


    </changeSet>
</databaseChangeLog>
